id_municipio,nome_municipio,quantidade_produtos
2208205,Pio IX,2
2200103,Agricolândia,1
2200251,Alagoinha do Piauí,1
2200277,Alegrete do Piauí,1
2200301,Alto Longá,1
2200400,Altos,1
2200459,Alvorada do Gurguéia,1
2200509,Amarante,1
2200608,Angical do Piauí,1
2200806,Antônio Almeida,1
2200707,Anísio de Abreu,1
2200905,Aroazes,1
2200954,Aroeiras do Itaim,1
2201002,Arraial,1
2201051,Assunção do Piauí,1
2201150,Baixa Grande do Ribeiro,1
2201176,Barra D'Alcântara,1
2201200,Barras,1
2201309,Barreiras do Piauí,1
2201408,Barro Duro,1
2201507,Batalha,1
2201556,Bela Vista do Piauí,1
2201572,Belém do Piauí,1
2201606,Beneditinos,1
2201705,Bertolínia,1
2201770,Boa Hora,1
2201804,Bocaina,1
2201903,Bom Jesus,1
2201919,Bom Princípio do Piauí,1
2201929,Bonfim do Piauí,1
2201945,Boqueirão do Piauí,1
2201960,Brasileira,1
2201988,Brejo do Piauí,1
2202000,Buriti dos Lopes,1
2202026,Buriti dos Montes,1
2202059,Cabeceiras do Piauí,1
2202075,Cajazeiras do Piauí,1
2202083,Cajueiro da Praia,1
2202091,Caldeirão Grande do Piauí,1
2202109,Campinas do Piauí,1
2202133,Campo Grande do Piauí,1
2202174,Campo Largo do Piauí,1
2202208,Campo Maior,1
2202251,Canavieira,1
2202307,Canto do Buriti,1
2202455,Capitão Gervásio Oliveira,1
2202406,Capitão de Campos,1
2202505,Caracol,1
2202539,Caraúbas do Piauí,1
2202554,Caridade do Piauí,1
2202604,Castelo do Piauí,1
2202653,Caxingó,1
2202703,Cocal,1
2202711,Cocal de Telha,1
2202729,Cocal dos Alves,1
2202737,Coivaras,1
2202752,Colônia do Gurguéia,1
2202778,Colônia do Piauí,1
2202802,Conceição do Canindé,1
2202851,Coronel José Dias,1
2202901,Corrente,1
2203008,Cristalândia do Piauí,1
2203107,Cristino Castro,1
2203230,Currais,1
2203271,Curral Novo do Piauí,1
2203255,Curralinhos,1
2203305,Demerval Lobão,1
2203354,Dirceu Arcoverde,1
2203404,Dom Expedito Lopes,1
2203420,Domingos Mourão,1
2203503,Elesbão Veloso,1
2203602,Eliseu Martins,1
2203701,Esperantina,1
2203750,Fartura do Piauí,1
2203800,Flores do Piauí,1
2203859,Floresta do Piauí,1
2203909,Floriano,1
2204006,Francinópolis,1
2204105,Francisco Ayres,1
2204154,Francisco Macedo,1
2204204,Francisco Santos,1
2204303,Fronteiras,1
2204352,Geminiano,1
2204402,Gilbués,1
2204501,Guadalupe,1
2204550,Guaribas,1
2204600,Hugo Napoleão,1
2204659,Ilha Grande,1
2204709,Inhuma,1
2204808,Ipiranga do Piauí,1
2204907,Isaías Coelho,1
2205003,Itainópolis,1
2205102,Itaueira,1
2205151,Jacobina do Piauí,1
2205201,Jaicós,1
2205250,Jardim do Mulato,1
2205276,Jatobá do Piauí,1
2205300,Jerumenha,1
2205409,Joaquim Pires,1
2205458,Joca Marques,1
2205508,José de Freitas,1
2205359,João Costa,1
2205516,Juazeiro do Piauí,1
2205532,Jurema,1
2205557,Lagoa Alegre,1
2205573,Lagoa de São Francisco,1
2205565,Lagoa do Barro do Piauí,1
2205581,Lagoa do Piauí,1
2205599,Lagoa do Sítio,1
2205540,Lagoinha do Piauí,1
2205607,Landri Sales,1
2205805,Luzilândia,1
2205706,Luís Correia,1
2205854,Madeiro,1
2205904,Manoel Emídio,1
2205953,Marcolândia,1
2206001,Marcos Parente,1
2206050,Massapê do Piauí,1
2206100,Matias Olímpio,1
2206209,Miguel Alves,1
2206308,Miguel Leão,1
2206357,Milton Brandão,1
2206407,Monsenhor Gil,1
2206506,Monsenhor Hipólito,1
2206605,Monte Alegre do Piauí,1
2206670,Morro do Chapéu do Piauí,1
2206696,Murici dos Portelas,1
2206704,Nazaré do Piauí,1
2206720,Nazária,1
2206753,Nossa Senhora de Nazaré,1
2206803,Nossa Senhora dos Remédios,1
2207959,Nova Santa Rita,1
2206902,Novo Oriente do Piauí,1
2206951,Novo Santo Antônio,1
2207009,Oeiras,1
2207108,Olho D'Água do Piauí,1
2207207,Padre Marcos,1
2207306,Paes Landim,1
2207355,Pajeú do Piauí,1
2207405,Palmeira do Piauí,1
2207504,Palmeirais,1
2207553,Paquetá,1
2207702,Parnaíba,1
2207751,Passagem Franca do Piauí,1
2207777,Patos do Piauí,1
2207793,Pau D'Arco do Piauí,1
2207850,Pavussu,1
2207900,Pedro II,1
2207934,Pedro Laurentino,1
2208007,Picos,1
2208106,Pimenteiras,1
2208304,Piracuruca,1
2208403,Piripiri,1
2208502,Porto,1
2208551,Porto Alegre do Piauí,1
2208601,Prata do Piauí,1
2208650,Queimada Nova,1
2208700,Redenção do Gurguéia,1
2208809,Regeneração,1
2208874,Ribeira do Piauí,1
2208908,Ribeiro Gonçalves,1
2209005,Rio Grande do Piauí,1
2209104,Santa Cruz do Piauí,1
2209153,Santa Cruz dos Milagres,1
2209203,Santa Filomena,1
2209302,Santa Luz,1
2209377,Santa Rosa do Piauí,1
2209351,Santana do Piauí,1
2209401,Santo Antônio de Lisboa,1
2209450,Santo Antônio dos Milagres,1
2209500,Santo Inácio do Piauí,1
2210631,Sebastião Leal,1
2210656,Sigefredo Pacheco,1
2210805,Simplício Mendes,1
2210706,Simões,1
2210904,Socorro do Piauí,1
2210938,Sussuapara,1
2209559,São Braz do Piauí,1
2209658,São Francisco de Assis do Piauí,1
2209708,São Francisco do Piauí,1
2209609,São Félix do Piauí,1
2209807,São Gonçalo do Piauí,1
2210052,São José do Divino,1
2210102,São José do Peixe,1
2210201,São José do Piauí,1
2209856,São João da Canabrava,1
2209872,São João da Fronteira,1
2209906,São João da Serra,1
2209955,São João da Varjota,1
2209971,São João do Arraial,1
2210003,São João do Piauí,1
2210300,São Julião,1
2210359,São Lourenço do Piauí,1
2210375,São Luis do Piauí,1
2210383,São Miguel da Baixa Grande,1
2210391,São Miguel do Fidalgo,1
2210409,São Miguel do Tapuio,1
2210508,São Pedro do Piauí,1
2210607,São Raimundo Nonato,1
2210953,Tamboril do Piauí,1
2210979,Tanque do Piauí,1
2211001,Teresina,1
2211100,União,1
2211209,Uruçuí,1
2211308,Valença do Piauí,1
2211506,Vera Mendes,1
2211605,Vila Nova do Piauí,1
2211357,Várzea Branca,1
2211407,Várzea Grande,1
2211704,Wall Ferraz,1
2200202,Água Branca,1